Name	Completeness	Contamination	Completeness_Model_Used	Translation_Table_Used	Coding_Density	Contig_N50	Average_Gene_Length	Genome_Size	GC_Content	Total_Coding_Sequences	Total_Contigs	Max_Contig_Length	Additional_Notes
ERR2641635_bin.10	80.75	2.0	Neural Network (Specific Model)	11	0.875	27290	316.0443230115361	1782821	0.6	1647	97	72630	None
ERR2641635_bin.11	59.96	0.18	Neural Network (Specific Model)	11	0.909	124151	363.9452341137124	2867737	0.44	2392	36	240482	None
ERR2641635_bin.12	30.24	0.05	Neural Network (Specific Model)	11	0.902	22424	311.4986033519553	740713	0.5	716	62	69963	None
ERR2641635_bin.13	47.3	5.85	Gradient Boost (General Model)	11	0.9	3547	297.0125231910946	2131768	0.44	2156	639	18022	None
ERR2641635_bin.14	52.66	7.86	Neural Network (Specific Model)	11	0.865	2903	267.72695214105795	1839783	0.38	1985	656	11535	None
ERR2641635_bin.15	41.56	0.11	Neural Network (Specific Model)	11	0.898	213323	328.3245033112583	827252	0.59	755	5	274123	None
ERR2641635_bin.17	7.91	0.01	Neural Network (Specific Model)	11	0.836	21557	222.58238636363637	280570	0.44	352	20	53032	None
ERR2641635_bin.19	32.85	0.41	Neural Network (Specific Model)	11	0.849	39082	318.30981595092027	1097926	0.36	978	44	133744	None
ERR2641635_bin.21	98.62	0.46	Gradient Boost (General Model)	11	0.9	51365	297.2087004405286	1795368	0.46	1816	46	139750	None
ERR2641635_bin.22	81.68	1.1	Gradient Boost (General Model)	11	0.883	23626	336.674513354459	2522319	0.44	2209	168	83813	None
ERR2641635_bin.23	55.06	0.08	Gradient Boost (General Model)	11	0.93	3502	271.2424778761062	986874	0.48	1130	312	12488	None
ERR2641635_bin.26	97.63	4.77	Neural Network (Specific Model)	11	0.891	78301	330.743520700101	3304311	0.43	2971	79	389603	None
ERR2641635_bin.28	83.39	0.24	Neural Network (Specific Model)	11	0.892	21944	317.62550200803213	2125217	0.42	1992	148	111847	None
ERR2641635_bin.3	5.37	0.0	Neural Network (Specific Model)	11	0.875	37092	307.415	210070	0.47	200	6	57470	None
ERR2641635_bin.30	71.49	18.65	Gradient Boost (General Model)	11	0.882	22873	303.2194637537239	2073497	0.42	2014	149	74923	None
ERR2641635_bin.36	7.68	0.09	Neural Network (Specific Model)	11	0.856	7034	245.17454545454547	235743	0.44	275	41	25140	None
ERR2641635_bin.37	95.41	17.22	Neural Network (Specific Model)	11	0.912	10847	361.4584740040513	7034180	0.42	5924	981	59563	None
ERR2641635_bin.40	6.48	0.03	Neural Network (Specific Model)	11	0.888	19505	257.5431034482759	201172	0.53	232	19	64753	None
ERR2641635_bin.41	96.84	7.91	Neural Network (Specific Model)	11	0.899	42884	303.9322180559562	3509223	0.41	3467	164	132672	None
ERR2641635_bin.42	46.21	1.96	Gradient Boost (General Model)	11	0.888	3628	253.94675419401895	1173900	0.6	1371	360	11660	None
ERR2641635_bin.43	83.39	0.25	Neural Network (Specific Model)	11	0.926	5505	309.8099737532808	1909274	0.37	1905	437	22478	None
ERR2641635_bin.45	95.71	1.47	Gradient Boost (General Model)	11	0.896	51132	311.3485824742268	1616134	0.28	1552	54	140276	None
ERR2641635_bin.46	76.79	2.81	Neural Network (Specific Model)	11	0.912	7695	304.2443280977312	2289401	0.38	2292	379	45697	None
ERR2641635_bin.48	79.08	15.21	Neural Network (Specific Model)	11	0.898	7184	297.906949352179	2530509	0.44	2547	461	30772	None
ERR2641635_bin.49	18.53	0.78	Neural Network (Specific Model)	11	0.881	2870	235.85726643598616	925650	0.33	1156	339	9449	None
ERR2641635_bin.5	96.56	0.0	Neural Network (Specific Model)	11	0.91	22331	331.21065375302663	2250597	0.38	2065	148	54966	None
ERR2641635_bin.50	90.4	3.01	Gradient Boost (General Model)	11	0.899	23643	279.5292639138241	2592679	0.29	2785	216	72089	None
ERR2641635_bin.51	98.3	1.1	Neural Network (Specific Model)	11	0.912	24257	322.56628056628057	2471041	0.38	2331	151	84987	None
ERR2641635_bin.53	18.96	0.01	Neural Network (Specific Model)	11	0.906	106548	348.4087403598972	448467	0.62	389	11	123907	None
ERR2641635_bin.56	37.05	0.05	Neural Network (Specific Model)	11	0.92	84614	366.54347826086956	1536503	0.47	1288	22	147964	None
ERR2641635_bin.58	80.88	25.24	Neural Network (Specific Model)	11	0.884	3941	265.4445953813313	4632874	0.4	5153	1290	37634	None
ERR2641635_bin.6	48.61	0.1	Neural Network (Specific Model)	11	0.88	3973	263.79699842022114	1137727	0.6	1266	310	17398	None
ERR2641635_bin.60	12.36	0.48	Neural Network (Specific Model)	11	0.858	14430	278.3045822102426	719459	0.35	742	92	72107	None
ERR2641635_bin.61	23.69	0.01	Neural Network (Specific Model)	11	0.884	147195	317.82683982683983	995369	0.42	924	12	256112	None
ERR2641635_bin.62	91.03	5.55	Neural Network (Specific Model)	11	0.898	19576	305.92930444697834	2683791	0.37	2631	202	74507	None
ERR2641635_bin.63	79.21	29.72	Neural Network (Specific Model)	11	0.892	24367	317.63125894134475	2982112	0.42	2796	214	73267	None
ERR2641635_bin.64	67.03	3.08	Neural Network (Specific Model)	11	0.882	4602	285.59269507470947	1753382	0.61	1807	434	49933	None
ERR2641635_bin.66	46.12	0.06	Neural Network (Specific Model)	11	0.874	147299	391.56290531776915	1036015	0.6	771	9	409111	None
ERR2641635_bin.67	88.92	10.12	Neural Network (Specific Model)	11	0.863	19813	313.03202736318406	3493901	0.42	3216	275	114554	None
ERR2641635_bin.7	26.83	5.53	Neural Network (Specific Model)	11	0.867	5485	243.81238503985284	1371787	0.35	1631	301	19711	None
ERR2641635_bin.8	5.4	0.0	Neural Network (Specific Model)	11	0.917	48204	294.42857142857144	235576	0.48	245	5	100172	None
ERR2641677_bin.10	69.15	3.64	Neural Network (Specific Model)	11	0.893	8825	304.17831482691054	1562396	0.42	1531	239	30811	None
ERR2641677_bin.11	99.99	14.04	Neural Network (Specific Model)	11	0.908	48459	353.55972771190164	5314384	0.46	4554	198	154289	None
ERR2641677_bin.12	46.47	7.89	Gradient Boost (General Model)	11	0.897	2342	229.23357261181667	1386513	0.61	1811	608	5649	None
ERR2641677_bin.13	84.6	6.3	Gradient Boost (General Model)	11	0.919	8265	308.5625	2284200	0.45	2272	364	45806	None
ERR2641677_bin.14	23.84	0.01	Neural Network (Specific Model)	11	0.816	34834	304.1990740740741	482497	0.47	432	22	120735	None
ERR2641677_bin.15	36.23	0.05	Neural Network (Specific Model)	11	0.887	62804	322.7593052109181	877826	0.47	806	28	134026	None
ERR2641677_bin.17	52.1	0.1	Neural Network (Specific Model)	11	0.906	3713	278.184842883549	994977	0.55	1082	293	10717	None
ERR2641677_bin.18	77.57	1.01	Neural Network (Specific Model)	11	0.904	81483	357.15287694246115	2819325	0.46	2381	62	222974	None
ERR2641677_bin.19	86.43	4.47	Neural Network (Specific Model)	11	0.87	40397	317.28152341739576	2124576	0.59	1943	84	137971	None
ERR2641677_bin.2	22.67	0.0	Neural Network (Specific Model)	11	0.934	3335	329.3488372093023	998935	0.46	946	322	10266	None
ERR2641677_bin.20	100.0	0.17	Gradient Boost (General Model)	11	0.892	13424	286.37302020753685	1760021	0.49	1831	169	43596	None
ERR2641677_bin.22	87.79	0.13	Neural Network (Specific Model)	11	0.903	86896	377.5604770017036	2940719	0.59	2348	53	297024	None
ERR2641677_bin.23	85.45	1.52	Neural Network (Specific Model)	11	0.904	33008	363.7072843235985	3592521	0.46	2979	161	152239	None
ERR2641677_bin.24	61.27	12.33	Gradient Boost (General Model)	11	0.898	2782	253.2955118507312	1675012	0.6	1983	615	11505	None
ERR2641677_bin.25	12.59	0.04	Neural Network (Specific Model)	11	0.928	2917	333.29905437352244	909968	0.42	846	323	8821	None
ERR2641677_bin.27	46.92	0.35	Neural Network (Specific Model)	11	0.873	3957	278.63721264367814	1330363	0.5	1392	363	23463	None
ERR2641677_bin.30	63.06	6.87	Gradient Boost (General Model)	11	0.907	2455	250.40478971962617	1413524	0.63	1712	571	7865	None
ERR2641677_bin.32	52.31	0.05	Neural Network (Specific Model)	11	0.919	3415	302.59141033081835	1699374	0.61	1723	539	10434	None
ERR2641677_bin.36	95.3	1.1	Neural Network (Specific Model)	11	0.874	69509	341.93234421364986	1975838	0.6	1685	40	187497	None
ERR2641677_bin.37	40.14	0.03	Gradient Boost (General Model)	11	0.908	10161	307.9799789251844	963925	0.47	949	130	30464	None
ERR2641677_bin.39	82.24	0.72	Neural Network (Specific Model)	11	0.9	15866	314.31474103585657	2363107	0.42	2259	219	56386	None
ERR2641677_bin.41	5.61	0.0	Neural Network (Specific Model)	11	0.923	13058	381.80616740088107	281596	0.48	227	39	28222	None
ERR2641677_bin.43	100.0	1.33	Gradient Boost (General Model)	11	0.881	157570	316.7911360163016	2115851	0.41	1963	23	306547	None
ERR2641677_bin.45	92.97	1.22	Neural Network (Specific Model)	11	0.898	24877	296.3275421563618	1933280	0.34	1957	126	56407	None
ERR2641677_bin.46	78.78	1.03	Gradient Boost (General Model)	11	0.89	14864	303.57466063348414	1806585	0.62	1768	161	52404	None
ERR2641677_bin.47	84.49	1.92	Neural Network (Specific Model)	11	0.884	14426	302.794921875	2100379	0.49	2048	210	107027	None
ERR2641677_bin.48	100.0	1.15	Gradient Boost (General Model)	11	0.898	53922	337.94353139485884	2675983	0.44	2373	78	165917	None
ERR2641677_bin.49	11.51	0.11	Neural Network (Specific Model)	11	0.825	48620	238.5525727069351	387049	0.41	447	17	71847	None
ERR2641677_bin.5	91.47	36.54	Neural Network (Specific Model)	11	0.886	43968	323.6813353566009	3603177	0.42	3295	111	147318	None
ERR2641677_bin.50	88.13	1.36	Neural Network (Specific Model)	11	0.903	67453	319.4228893058161	2821236	0.44	2665	70	217242	None
ERR2641677_bin.51	50.63	0.58	Neural Network (Specific Model)	11	0.935	2768	259.3649635036496	1022814	0.36	1233	374	9896	None
ERR2641677_bin.52	83.87	0.97	Neural Network (Specific Model)	11	0.909	9739	304.05211885046276	2056845	0.38	2053	305	29201	None
ERR2641677_bin.53	20.03	0.0	Neural Network (Specific Model)	11	0.886	252115	326.2397094430993	455341	0.46	413	6	252115	None
ERR2641677_bin.54	84.89	0.01	Neural Network (Specific Model)	11	0.895	47763	346.735278791037	2225434	0.42	1919	72	286436	None
ERR2641677_bin.55	59.41	0.88	Gradient Boost (General Model)	11	0.908	7081	272.64701318851826	1159189	0.42	1289	209	27793	None
ERR2641677_bin.56	99.63	5.36	Neural Network (Specific Model)	11	0.898	52032	363.99008138351985	4777263	0.42	3932	154	195108	None
ERR2641677_bin.57	87.83	0.69	Neural Network (Specific Model)	11	0.899	61823	318.1467684021544	2361539	0.41	2228	68	131051	None
ERR2641677_bin.6	8.93	0.02	Neural Network (Specific Model)	11	0.867	8992	283.4815950920245	319301	0.34	326	39	41833	None
ERR2641677_bin.60	97.1	0.41	Neural Network (Specific Model)	11	0.896	73784	332.94470962609387	2797801	0.47	2514	72	182453	None
ERR2641677_bin.64	61.09	0.74	Neural Network (Specific Model)	11	0.911	3803	305.99915789473687	2390801	0.44	2375	679	13184	None
ERR2641677_bin.65	9.55	0.24	Neural Network (Specific Model)	11	0.863	6736	242.65801886792454	356447	0.52	424	65	29289	None
ERR2641677_bin.67	13.24	0.85	Neural Network (Specific Model)	11	0.828	50593	304.470054446461	606942	0.39	551	23	83117	None
ERR2641677_bin.69	98.42	3.19	Neural Network (Specific Model)	11	0.859	33755	311.7366293532338	3494337	0.42	3216	230	89679	None
ERR2641677_bin.71	16.34	1.34	Neural Network (Specific Model)	11	0.877	19694	259.92727272727274	829033	0.52	935	66	156765	None
ERR2641677_bin.8	4.46	0.01	Neural Network (Specific Model)	11	0.88	40169	251.14893617021278	240439	0.5	282	7	69716	None
ERR2641677_bin.9	99.95	2.83	Neural Network (Specific Model)	11	0.882	50197	324.6052303860523	2654860	0.43	2409	94	168898	None
ERR2641733_bin.1	77.65	1.12	Neural Network (Specific Model)	11	0.899	24083	338.97743638982234	2351339	0.48	2083	149	92907	None
ERR2641733_bin.12	99.93	0.44	Neural Network (Specific Model)	11	0.868	72978	325.6976401179941	2285927	0.55	2034	50	254698	None
ERR2641733_bin.14	77.48	0.75	Gradient Boost (General Model)	11	0.887	58101	328.22652757078987	1487419	0.47	1342	47	209130	None
ERR2641733_bin.2	7.33	0.18	Neural Network (Specific Model)	11	0.866	16272	289.1639784946237	371620	0.52	372	38	47153	None
ERR2641733_bin.20	21.01	0.41	Neural Network (Specific Model)	11	0.895	2321	247.5	620943	0.59	750	262	7367	None
ERR2641733_bin.21	38.31	0.0	Neural Network (Specific Model)	11	0.882	3008	266.3263473053892	906104	0.57	1002	314	9171	None
ERR2641733_bin.23	98.56	0.17	Gradient Boost (General Model)	11	0.91	205899	338.5042067307692	1853463	0.54	1664	12	391881	None
ERR2641733_bin.25	54.14	0.28	Neural Network (Specific Model)	11	0.92	36202	388.0257186081694	1670939	0.61	1322	72	93191	None
ERR2641733_bin.27	35.97	7.03	Neural Network (Specific Model)	11	0.86	6521	240.57705257705257	3230224	0.36	3861	671	34061	None
ERR2641733_bin.28	5.99	0.0	Neural Network (Specific Model)	11	0.886	21466	317.34982332155477	303216	0.38	283	24	100823	None
ERR2641733_bin.29	94.42	0.27	Neural Network (Specific Model)	11	0.915	23377	327.83853459972863	2372298	0.38	2211	154	117026	None
ERR2641733_bin.3	39.67	0.08	Neural Network (Specific Model)	11	0.918	16737	367.9759384023099	1248495	0.48	1039	113	41344	None
ERR2641733_bin.30	20.94	1.9	Neural Network (Specific Model)	11	0.947	2104	285.82213438735175	457417	0.33	506	208	7515	None
ERR2641733_bin.31	75.51	1.08	Gradient Boost (General Model)	11	0.905	6190	287.6392326732673	1538394	0.54	1616	289	32624	None
ERR2641733_bin.32	84.48	4.27	Neural Network (Specific Model)	11	0.912	59415	357.26201011378004	3713627	0.44	3164	100	154486	None
ERR2641733_bin.33	15.63	0.0	Neural Network (Specific Model)	11	0.879	94885	393.6744186046512	346361	0.6	258	6	95924	None
ERR2641733_bin.35	96.27	0.14	Neural Network (Specific Model)	11	0.837	14733	325.3210966542751	2506589	0.56	2152	246	70630	None
ERR2641733_bin.36	26.52	0.58	Neural Network (Specific Model)	11	0.938	2854	310.32381729200654	1214730	0.46	1226	440	10076	None
ERR2641733_bin.37	99.72	1.44	Neural Network (Specific Model)	11	0.885	52810	323.61184834123225	2309719	0.44	2110	70	120069	None
ERR2641733_bin.38	91.3	1.82	Gradient Boost (General Model)	11	0.9	32739	314.4736225087925	1786020	0.63	1706	78	86783	None
ERR2641733_bin.39	100.0	0.48	Gradient Boost (General Model)	11	0.886	57684	309.8963133640553	1818652	0.54	1736	46	297419	None
ERR2641733_bin.4	23.65	0.03	Neural Network (Specific Model)	11	0.928	2525	278.8697421981004	663269	0.44	737	269	6834	None
ERR2641733_bin.40	50.46	1.84	Neural Network (Specific Model)	11	0.888	3399	261.49256756756756	1304724	0.6	1480	420	13176	None
ERR2641733_bin.41	62.8	0.18	Neural Network (Specific Model)	11	0.877	118918	314.4171974522293	1348233	0.41	1256	18	200423	None
ERR2641733_bin.42	94.58	0.35	Neural Network (Specific Model)	11	0.873	42629	335.50860719874805	2206965	0.61	1917	82	217326	None
ERR2641733_bin.44	73.53	11.44	Gradient Boost (General Model)	11	0.897	4333	270.7425600573682	2518684	0.59	2789	679	21104	None
ERR2641733_bin.47	45.17	0.11	Neural Network (Specific Model)	11	0.866	59347	373.4047619047619	977458	0.57	756	28	153187	None
ERR2641733_bin.48	94.51	1.87	Gradient Boost (General Model)	11	0.904	12356	332.79619662719773	3071800	0.42	2787	376	44105	None
ERR2641733_bin.5	52.55	0.01	Neural Network (Specific Model)	11	0.903	3098	294.81409168081495	1151276	0.49	1178	385	10680	None
ERR2641733_bin.50	83.04	0.16	Neural Network (Specific Model)	11	0.918	5580	351.29865041358295	2634526	0.44	2297	577	21710	None
ERR2641733_bin.51	97.82	2.09	Neural Network (Specific Model)	11	0.908	9087	303.0470455400828	2654832	0.38	2657	395	72002	None
ERR2641733_bin.52	42.27	0.18	Neural Network (Specific Model)	11	0.829	14115	297.3710359408034	1016198	0.51	946	100	66254	None
ERR2641733_bin.53	93.75	3.4	Neural Network (Specific Model)	11	0.889	57041	319.3239938869078	2112274	0.6	1963	59	154428	None
ERR2641733_bin.55	12.66	0.17	Neural Network (Specific Model)	11	0.892	1977	232.25911458333334	597731	0.35	768	290	7676	None
ERR2641733_bin.56	6.88	0.0	Neural Network (Specific Model)	11	0.896	11461	220.7116883116883	283400	0.54	385	45	44998	None
ERR2641733_bin.58	6.98	0.0	Neural Network (Specific Model)	11	0.85	28243	244.35658914728683	221861	0.54	258	18	62085	None
ERR2641733_bin.6	23.35	0.77	Neural Network (Specific Model)	11	0.876	2881	256.65019011406844	461582	0.57	526	168	6994	None
ERR2641733_bin.60	30.32	0.0	Neural Network (Specific Model)	11	0.865	71947	379.11350293542074	671195	0.6	511	14	168072	None
ERR2641733_bin.61	59.43	0.0	Neural Network (Specific Model)	11	0.888	12782	307.7040690505549	841099	0.46	811	97	60493	None
ERR2641733_bin.62	5.33	0.03	Neural Network (Specific Model)	11	0.882	5921	240.66181818181818	223932	0.53	275	43	30437	None
ERR2641733_bin.64	97.98	0.75	Gradient Boost (General Model)	11	0.896	93627	337.8972362787077	2902920	0.44	2569	38	230466	None
ERR2641733_bin.65	11.11	0.05	Neural Network (Specific Model)	11	0.864	14206	281.4568527918782	383993	0.4	394	49	64893	None
ERR2641733_bin.7	79.64	0.69	Gradient Boost (General Model)	11	0.867	8772	305.29504373177843	1808526	0.5	1715	264	54579	None
ERR2641733_bin.70	53.61	0.28	Neural Network (Specific Model)	11	0.902	238280	351.4178240740741	1008679	0.59	864	15	287588	None
ERR2641733_bin.71	87.64	8.39	Gradient Boost (General Model)	11	0.893	5010	266.6731467081389	3447964	0.4	3858	845	31044	None
ERR2641733_bin.72	7.49	0.0	Neural Network (Specific Model)	11	0.874	38922	307.2991452991453	245965	0.49	234	13	76350	None
ERR2641733_bin.73	70.53	0.21	Neural Network (Specific Model)	11	0.9	14115	316.77327241576245	1846065	0.43	1751	183	38936	None
ERR2641733_bin.74	99.89	0.71	Neural Network (Specific Model)	11	0.874	138162	338.1591526344378	2135058	0.6	1841	29	211177	None
ERR2641733_bin.77	80.87	5.01	Neural Network (Specific Model)	11	0.869	12207	291.9237123420797	2071414	0.58	2058	248	74844	None
ERR2641733_bin.79	16.96	0.0	Neural Network (Specific Model)	11	0.912	51147	325.2721518987342	505904	0.42	474	31	99112	None
ERR2641733_bin.80	6.45	0.01	Neural Network (Specific Model)	11	0.836	77925	244.12012012012013	291351	0.46	333	13	79740	None
ERR2641733_bin.81	56.86	0.61	Neural Network (Specific Model)	11	0.891	109465	348.6225641025641	1142815	0.55	975	22	358118	None
ERR2641733_bin.83	13.14	0.0	Neural Network (Specific Model)	11	0.906	2605	242.59882583170256	409854	0.59	511	165	5819	None
ERR2641733_bin.9	86.77	5.64	Gradient Boost (General Model)	11	0.886	4057	273.09480812641084	1636373	0.6	1772	452	19681	None
SRR059458_bin.1	87.84	3.68	Neural Network (Specific Model)	11	0.946	47700	326.6145104895105	1181824	0.28	1144	44	106739	None
SRR059458_bin.10	23.05	0.0	Neural Network (Specific Model)	11	0.923	15168	307.188679245283	264069	0.34	265	22	29471	None
SRR059458_bin.11	40.73	0.04	Neural Network (Specific Model)	11	0.916	3045	286.5117493472585	717192	0.45	766	243	11158	None
SRR059458_bin.13	80.21	35.43	Neural Network (Specific Model)	11	0.889	6423	327.212774782248	2658933	0.53	2411	506	29373	None
SRR059458_bin.14	31.97	1.69	Neural Network (Specific Model)	11	0.925	3831	300.6591928251121	651739	0.54	669	187	11534	None
SRR059458_bin.18	99.15	0.36	Neural Network (Specific Model)	11	0.892	96733	320.92893772893774	1470774	0.39	1365	35	200238	None
SRR059458_bin.19	75.68	0.22	Neural Network (Specific Model)	11	0.879	12140	330.03287507471606	1880850	0.47	1673	222	43257	None
SRR059458_bin.2	23.7	0.0	Neural Network (Specific Model)	11	0.878	239484	383.8910891089109	397371	0.4	303	2	239484	None
SRR059458_bin.20	46.38	0.96	Neural Network (Specific Model)	11	0.888	20734	308.19122257053294	663534	0.37	638	44	65253	None
SRR059458_bin.21	86.25	1.84	Neural Network (Specific Model)	11	0.88	10972	335.4138915318744	1201021	0.43	1051	154	75817	None
SRR059458_bin.22	8.16	0.07	Neural Network (Specific Model)	11	0.846	6218	279.876	247900	0.42	250	49	12847	None
SRR059458_bin.24	86.26	1.48	Gradient Boost (General Model)	11	0.913	22648	333.70868713259307	1675612	0.53	1531	116	62301	None
SRR059458_bin.25	35.86	0.01	Neural Network (Specific Model)	11	0.868	132656	359.908077994429	892410	0.43	718	12	249635	None
SRR059458_bin.26	92.09	0.05	Neural Network (Specific Model)	11	0.865	142440	370.1665306122449	1570125	0.46	1225	18	294352	None
SRR059458_bin.28	34.15	14.38	Neural Network (Specific Model)	11	0.869	5298	294.59670781893004	1234350	0.52	1215	287	18685	None
SRR059458_bin.29	69.9	2.75	Gradient Boost (General Model)	11	0.91	62536	363.28173374613004	1159361	0.43	969	33	169265	None
SRR059458_bin.30	23.61	0.0	Neural Network (Specific Model)	11	0.87	107025	357.0124223602484	396042	0.42	322	3	194789	None
SRR059458_bin.33	69.82	1.14	Neural Network (Specific Model)	11	0.899	4150	295.77908343125733	1677958	0.48	1702	468	13822	None
SRR059458_bin.35	32.89	0.39	Neural Network (Specific Model)	11	0.89	16346	353.45696721311475	581022	0.39	488	46	64023	None
SRR059458_bin.5	24.89	0.0	Neural Network (Specific Model)	11	0.92	7812	292.28968253968253	239512	0.31	252	41	30053	None
SRR059458_bin.6	55.93	0.55	Neural Network (Specific Model)	11	0.876	15137	356.42135642135645	844896	0.43	693	87	33624	None
SRR059458_bin.7	99.9	0.56	Neural Network (Specific Model)	11	0.91	41822	351.25043377674956	1998228	0.56	1729	80	139103	None
SRR059458_bin.8	26.17	1.57	Neural Network (Specific Model)	11	0.897	6072	322.4314115308151	541618	0.54	503	110	17048	None
SRR059458_bin.9	89.91	5.96	Neural Network (Specific Model)	11	0.938	42325	319.97781299524564	1288158	0.27	1262	45	123619	None
SRR059459_bin.10	60.5	0.8	Neural Network (Specific Model)	11	0.876	18890	353.90989847715736	954661	0.42	788	91	70982	None
SRR059459_bin.11	88.06	1.63	Neural Network (Specific Model)	11	0.882	7328	318.5222693531283	2040646	0.39	1886	360	24966	None
SRR059459_bin.12	98.21	1.79	Gradient Boost (General Model)	11	0.911	29496	335.23048780487807	1805513	0.53	1640	93	78033	None
SRR059459_bin.13	87.95	0.0	Neural Network (Specific Model)	11	0.903	84941	330.4540853217643	1514914	0.46	1383	27	314266	None
SRR059459_bin.15	99.98	0.76	Neural Network (Specific Model)	11	0.909	48389	349.7294938917976	1980449	0.56	1719	60	103831	None
SRR059459_bin.17	37.19	0.03	Neural Network (Specific Model)	11	0.913	2895	274.05494505494505	654263	0.45	728	230	8475	None
SRR059459_bin.18	100.0	92.34	Neural Network (Specific Model)	11	0.939	51002	322.2097902097902	2494338	0.27	2431	86	147104	None
SRR059459_bin.19	22.09	0.61	Neural Network (Specific Model)	11	0.947	2121	262.8118393234672	392448	0.31	473	180	6434	None
SRR059459_bin.2	20.54	0.0	Neural Network (Specific Model)	11	0.918	71465	394.7692307692308	268133	0.44	208	6	85136	None
SRR059459_bin.20	85.57	0.83	Neural Network (Specific Model)	11	0.917	4539	300.32556332556334	1261730	0.27	1287	324	19654	None
SRR059459_bin.21	28.78	0.13	Neural Network (Specific Model)	11	0.858	100048	333.03068592057764	644534	0.41	554	16	167489	None
SRR059459_bin.22	99.78	0.37	Neural Network (Specific Model)	11	0.891	84568	318.56531204644415	1474915	0.39	1378	29	227681	None
SRR059459_bin.24	49.84	0.02	Neural Network (Specific Model)	11	0.892	18067	305.4725433526012	710154	0.37	692	52	32230	None
SRR059459_bin.25	81.49	0.23	Neural Network (Specific Model)	11	0.88	37282	342.9734345351044	1845926	0.35	1581	77	96312	None
SRR059459_bin.26	61.92	0.02	Neural Network (Specific Model)	11	0.866	145880	358.6485325697924	1732154	0.43	1397	18	446525	None
SRR059459_bin.27	36.41	20.34	Neural Network (Specific Model)	11	0.871	4778	299.1616458486407	1399942	0.52	1361	336	18060	None
SRR059459_bin.28	80.39	2.98	Neural Network (Specific Model)	11	0.876	10668	323.30609212481426	2231798	0.46	2019	286	43499	None
SRR059459_bin.3	23.62	0.0	Neural Network (Specific Model)	11	0.871	107025	357.22049689440996	396042	0.42	322	3	194789	None
SRR059459_bin.30	84.0	1.06	Neural Network (Specific Model)	11	0.88	10909	328.7550432276657	1165384	0.43	1041	162	57496	None
SRR059459_bin.5	85.13	70.48	Neural Network (Specific Model)	11	0.89	5890	325.63436123348015	3236842	0.53	2951	657	26127	None
SRR059459_bin.6	25.55	0.04	Neural Network (Specific Model)	11	0.893	14516	354.32824427480915	467292	0.38	393	44	29613	None
SRR059459_bin.7	11.8	0.0	Neural Network (Specific Model)	11	0.871	2864	264.5501519756839	299282	0.48	329	110	6677	None
SRR059459_bin.9	77.63	2.34	Neural Network (Specific Model)	11	0.922	4382	286.6050656660413	992558	0.32	1066	258	13540	None
SRR513791_bin.2	39.05	0.01	Neural Network (Specific Model)	11	0.877	20799	285.460823373174	734322	0.38	753	48	62084	None
SRR8692206_bin.1	6.8	0.0	Neural Network (Specific Model)	11	0.902	213003	282.28819444444446	269601	0.5	288	3	213003	None
SRR8692206_bin.10	9.92	0.0	Neural Network (Specific Model)	11	0.886	44499	366.37089201877933	263903	0.4	213	8	77581	None
SRR8692206_bin.12	94.6	0.64	Neural Network (Specific Model)	11	0.835	38865	302.2478357655207	4387644	0.28	4043	201	165982	None
SRR8692206_bin.13	10.43	0.03	Neural Network (Specific Model)	11	0.882	58401	305.404	259234	0.4	250	5	98055	None
SRR8692206_bin.14	54.93	0.11	Neural Network (Specific Model)	11	0.895	781933	316.446881425634	1546386	0.37	1459	5	781933	None
SRR8692206_bin.18	99.62	0.14	Neural Network (Specific Model)	11	0.899	58227	303.39855818743564	1962636	0.35	1942	44	173646	None
SRR8692206_bin.19	83.26	1.44	Neural Network (Specific Model)	11	0.894	107688	354.9836065573771	3408345	0.45	2867	46	328529	None
SRR8692206_bin.2	83.99	1.42	Neural Network (Specific Model)	11	0.898	35351	310.07151515151514	1707188	0.43	1650	75	136577	None
SRR8692206_bin.20	9.63	5.55	Neural Network (Specific Model)	11	0.959	287764	364.29457364341084	293338	0.6	258	3	287764	None
SRR8692206_bin.21	12.68	0.02	Neural Network (Specific Model)	11	0.888	197682	310.97452229299364	329526	0.39	314	5	197682	None
SRR8692206_bin.22	61.7	6.6	Neural Network (Specific Model)	11	0.853	7456	245.87831603229526	1495529	0.39	1734	243	64115	None
SRR8692206_bin.24	4.44	0.0	Neural Network (Specific Model)	11	0.84	141861	263.1834862385321	204617	0.48	218	3	141861	None
SRR8692206_bin.25	7.49	0.0	Neural Network (Specific Model)	11	0.88	57233	324.672131147541	202290	0.49	183	6	98064	None
SRR8692206_bin.27	23.4	0.07	Neural Network (Specific Model)	11	0.894	656118	324.9398496240602	1013264	0.51	931	2	656118	None
SRR8692206_bin.3	15.26	0.0	Neural Network (Specific Model)	11	0.88	475839	310.71733333333333	793776	0.49	750	5	475839	None
SRR8692206_bin.30	48.26	0.43	Neural Network (Specific Model)	11	0.91	195860	360.57879320445227	2026426	0.45	1707	15	408499	None
SRR8692206_bin.31	99.99	0.35	Neural Network (Specific Model)	11	0.882	401300	324.08527542372883	2078559	0.39	1888	10	832773	None
SRR8692206_bin.32	14.47	0.0	Neural Network (Specific Model)	11	0.88	363311	306.42857142857144	576907	0.51	553	2	363311	None
SRR8692206_bin.33	15.52	0.0	Neural Network (Specific Model)	11	0.894	145531	336.066765578635	759208	0.51	674	6	205556	None
SRR8692206_bin.35	6.84	0.0	Neural Network (Specific Model)	11	0.922	84444	419.9147540983607	416491	0.45	305	7	161141	None
SRR8692206_bin.4	9.82	0.05	Neural Network (Specific Model)	11	0.892	60747	299.23399014778323	407190	0.43	406	10	99166	None
SRR8692206_bin.6	11.17	0.0	Neural Network (Specific Model)	11	0.907	85085	383.4493006993007	724372	0.46	572	11	136366	None
SRR8692206_bin.7	100.0	0.36	Neural Network (Specific Model)	11	0.907	115804	310.3837209302326	2029078	0.39	1978	26	261023	None
SRR8692206_bin.8	8.47	0.0	Neural Network (Specific Model)	11	0.826	130590	312.22935779816515	246794	0.29	218	6	130590	None
SRR8692207_bin.11	50.16	0.12	Neural Network (Specific Model)	11	0.866	206345	332.3768267223382	1102475	0.39	958	6	366960	None
SRR8692207_bin.15	21.27	0.15	Neural Network (Specific Model)	11	0.89	26035	338.6106870229008	447807	0.6	393	30	53490	None
SRR8692207_bin.16	19.61	0.26	Neural Network (Specific Model)	11	0.854	2222	214.6498599439776	536601	0.38	714	232	8958	None
SRR8692207_bin.17	67.11	0.07	Neural Network (Specific Model)	11	0.892	195851	367.4942115768463	3091521	0.43	2505	21	451523	None
SRR8692207_bin.2	5.87	0.0	Neural Network (Specific Model)	11	0.863	6552	270.0734693877551	229392	0.59	245	45	20406	None
SRR8692207_bin.20	99.99	0.3	Neural Network (Specific Model)	11	0.862	104874	291.4075130765573	2129303	0.37	2103	43	205830	None
SRR8692207_bin.22	8.7	0.0	Neural Network (Specific Model)	11	0.85	82432	285.9010989010989	274910	0.43	273	5	104331	None
SRR8692207_bin.23	36.87	1.84	Neural Network (Specific Model)	11	0.852	51795	304.1030989272944	1791859	0.42	1678	42	146071	None
SRR8692207_bin.24	83.96	0.65	Neural Network (Specific Model)	11	0.911	155072	365.67489114658923	4144466	0.45	3445	40	543525	None
SRR8692207_bin.25	67.08	0.26	Neural Network (Specific Model)	11	0.891	134936	319.2452148790177	2972509	0.51	2769	41	421943	None
SRR8692207_bin.26	64.82	0.42	Neural Network (Specific Model)	11	0.889	336029	330.48278335724535	1551450	0.59	1394	7	594509	None
SRR8692207_bin.27	55.09	0.03	Neural Network (Specific Model)	11	0.905	130272	326.50290360046455	930459	0.38	861	9	200780	None
SRR8692207_bin.29	42.2	0.17	Neural Network (Specific Model)	11	0.848	145484	369.59497487437187	1300268	0.64	995	15	247134	None
SRR8692207_bin.3	58.15	0.76	Neural Network (Specific Model)	11	0.875	32316	337.547141796585	1556193	0.6	1347	81	132274	None
SRR8692207_bin.30	36.92	0.0	Neural Network (Specific Model)	11	0.882	190422	318.3140643623361	1814219	0.5	1678	16	375057	None
SRR8692207_bin.32	23.87	0.16	Neural Network (Specific Model)	11	0.839	56531	320.8157894736842	957729	0.42	836	23	179058	None
SRR8692207_bin.33	9.53	0.09	Neural Network (Specific Model)	11	0.886	187934	332.10645161290324	348270	0.42	310	2	187934	None
SRR8692207_bin.35	56.03	0.95	Neural Network (Specific Model)	11	0.87	100842	336.1772997032641	1560075	0.66	1348	29	249780	None
SRR8692207_bin.4	11.03	0.0	Neural Network (Specific Model)	11	0.888	38372	399.97237569060775	244333	0.61	181	14	53300	None
SRR8692207_bin.6	9.39	0.01	Neural Network (Specific Model)	11	0.884	2529	255.95628415300547	476003	0.4	549	187	18768	None
SRR8692207_bin.8	4.99	0.17	Neural Network (Specific Model)	11	0.906	180011	273.872	225689	0.48	250	2	180011	None
SRR8692207_bin.9	6.71	0.0	Neural Network (Specific Model)	11	0.914	243118	409.579766536965	345035	0.44	257	3	243118	None
SRR8692213_bin.1	27.39	0.01	Neural Network (Specific Model)	11	0.882	246179	317.95163316582915	1718855	0.56	1592	11	395368	None
SRR8692213_bin.10	99.97	2.64	Neural Network (Specific Model)	11	0.904	148730	360.8643167551907	4954633	0.42	4142	49	481125	None
SRR8692213_bin.12	19.14	0.38	Neural Network (Specific Model)	11	0.898	2396	252.76760563380282	359154	0.4	426	149	6435	None
SRR8692213_bin.14	29.62	0.09	Neural Network (Specific Model)	11	0.893	58696	307.99701492537315	692164	0.42	670	15	189894	None
SRR8692213_bin.16	40.77	0.03	Neural Network (Specific Model)	11	0.905	114834	382.95936139332366	1748553	0.42	1378	28	236691	None
SRR8692213_bin.17	4.76	0.0	Neural Network (Specific Model)	11	0.837	75833	282.44520547945206	294874	0.46	292	8	116537	None
SRR8692213_bin.2	13.03	0.01	Neural Network (Specific Model)	11	0.871	125038	317.7140600315956	691563	0.43	633	14	145415	None
SRR8692213_bin.24	10.06	0.0	Neural Network (Specific Model)	11	0.876	42805	296.21957040572795	424331	0.42	419	11	68965	None
SRR8692213_bin.26	18.76	1.48	Neural Network (Specific Model)	11	0.887	2181	203.91722972972974	406898	0.4	592	186	5226	None
SRR8692213_bin.27	95.13	3.37	Neural Network (Specific Model)	11	0.885	11160	288.01582131223824	2094734	0.4	2149	263	61250	None
SRR8692213_bin.28	81.67	1.37	Neural Network (Specific Model)	11	0.838	7032	307.4264792032806	1877714	0.6	1707	338	31513	None
SRR8692213_bin.5	99.82	0.62	Neural Network (Specific Model)	11	0.911	127250	360.2525	4736537	0.45	4000	66	270121	None
SRR8692213_bin.6	59.7	1.31	Neural Network (Specific Model)	11	0.885	48060	310.5387149917628	1276127	0.42	1214	37	100109	None
SRR8692213_bin.8	74.25	5.3	Neural Network (Specific Model)	11	0.908	2871	236.00740318906605	1367365	0.4	1756	502	11374	None
SRR8692213_bin.9	100.0	0.18	Neural Network (Specific Model)	11	0.876	115367	340.0787456445993	3336890	0.64	2870	42	382974	None
ERR2641635_bin.1	12.98	0.01	Neural Network (Specific Model)	11	0.869	293039	339.6461038961039	360418	0.61	308	2	293039	None
ERR2641635_bin.16	93.82	1.97	Gradient Boost (General Model)	11	0.888	34643	324.3365617433414	2709165	0.49	2478	124	184925	None
ERR2641635_bin.18	6.84	0.02	Neural Network (Specific Model)	11	0.86	9631	295.83093525179856	286666	0.36	278	37	34407	None
ERR2641635_bin.2	85.49	7.18	Neural Network (Specific Model)	11	0.871	36850	298.7532324621733	3733153	0.42	3635	220	126656	None
ERR2641635_bin.20	75.41	9.66	Neural Network (Specific Model)	11	0.875	50985	315.0527192008879	1942755	0.6	1802	64	165033	None
ERR2641635_bin.24	97.48	20.16	Gradient Boost (General Model)	11	0.86	22541	293.62351480758997	5765131	0.37	5639	505	89902	None
ERR2641635_bin.25	91.91	0.92	Neural Network (Specific Model)	11	0.907	63781	318.5367322360498	2620282	0.44	2491	66	171248	None
ERR2641635_bin.27	93.69	1.53	Neural Network (Specific Model)	11	0.891	52196	333.73591806876374	3065199	0.47	2734	86	127875	None
ERR2641635_bin.29	8.27	0.08	Neural Network (Specific Model)	11	0.863	31502	274.348623853211	207128	0.48	218	13	43873	None
ERR2641635_bin.31	77.21	18.11	Neural Network (Specific Model)	11	0.882	106094	353.8676691729323	2397638	0.6	1995	34	598462	None
ERR2641635_bin.32	12.02	0.01	Neural Network (Specific Model)	11	0.855	36313	291.7153652392947	405810	0.42	397	22	47543	None
ERR2641635_bin.33	86.88	56.52	Neural Network (Specific Model)	11	0.874	29635	313.5238836967809	4142390	0.59	3852	223	188053	None
ERR2641635_bin.34	94.04	0.33	Neural Network (Specific Model)	11	0.898	63643	352.1818808129521	3408777	0.41	2903	93	170367	None
ERR2641635_bin.35	47.79	2.85	Gradient Boost (General Model)	11	0.903	3894	291.00208768267225	1386585	0.47	1437	385	19625	None
ERR2641635_bin.38	20.26	4.85	Neural Network (Specific Model)	11	0.84	11922	243.24351676154333	1368361	0.38	1581	190	61456	None
ERR2641635_bin.39	82.19	0.86	Neural Network (Specific Model)	11	0.906	199811	381.7225785760103	3938413	0.41	3118	49	615599	None
ERR2641635_bin.4	55.2	0.13	Neural Network (Specific Model)	11	0.885	20434	325.75962732919254	1774242	0.48	1610	145	56835	None
ERR2641635_bin.44	68.13	1.6	Neural Network (Specific Model)	11	0.881	34059	322.01680672268907	1693904	0.61	1547	80	71239	None
ERR2641635_bin.47	91.4	0.05	Neural Network (Specific Model)	11	0.841	11432	316.91873479318735	2319030	0.57	2055	267	44740	None
ERR2641635_bin.52	91.08	0.52	Neural Network (Specific Model)	11	0.911	39123	355.6922455573506	4345980	0.47	3714	156	165252	None
ERR2641635_bin.54	87.5	61.3	Neural Network (Specific Model)	11	0.887	13439	314.428264604811	4943839	0.45	4656	531	60968	None
ERR2641635_bin.55	83.85	6.53	Neural Network (Specific Model)	11	0.896	64685	371.42053701015965	3422245	0.4	2756	93	281625	None
ERR2641635_bin.57	75.5	1.43	Neural Network (Specific Model)	11	0.895	6624	294.9512761020882	2125834	0.44	2155	399	29691	None
ERR2641635_bin.59	95.79	0.11	Gradient Boost (General Model)	11	0.879	21043	326.22291853178154	2484635	0.33	2234	170	95783	None
ERR2641635_bin.65	66.44	3.59	Neural Network (Specific Model)	11	0.853	85178	342.6460526315789	1830218	0.37	1520	40	127058	None
ERR2641635_bin.9	74.89	1.03	Neural Network (Specific Model)	11	0.894	22482	343.22613405551795	1698270	0.44	1477	108	57938	None
ERR2641677_bin.1	99.33	0.09	Neural Network (Specific Model)	11	0.883	41160	332.194109772423	2525839	0.36	2241	99	111658	None
ERR2641677_bin.16	32.89	2.22	Neural Network (Specific Model)	11	0.882	2302	228.9557389347337	2069221	0.34	2666	875	10292	None
ERR2641677_bin.21	100.0	2.63	Neural Network (Specific Model)	11	0.876	171492	357.82777474029524	2238736	0.56	1829	27	370725	None
ERR2641677_bin.26	97.58	97.04	Neural Network (Specific Model)	11	0.891	7027	295.6524381206462	13401021	0.43	13494	2510	70157	None
ERR2641677_bin.28	24.81	5.44	Neural Network (Specific Model)	11	0.857	12589	249.7154220061865	1971714	0.37	2263	263	202109	None
ERR2641677_bin.29	99.97	1.27	Neural Network (Specific Model)	11	0.868	174395	322.9476093591048	2192284	0.55	1966	25	263095	None
ERR2641677_bin.3	20.03	0.01	Neural Network (Specific Model)	11	0.912	261839	325.50387596899225	413564	0.41	387	3	261839	None
ERR2641677_bin.31	82.96	11.37	Neural Network (Specific Model)	11	0.875	12073	292.9457040572792	3362712	0.42	3352	385	58792	None
ERR2641677_bin.33	81.63	1.54	Neural Network (Specific Model)	11	0.907	6280	338.7856060606061	2954350	0.39	2640	574	28322	None
ERR2641677_bin.34	93.51	1.18	Gradient Boost (General Model)	11	0.873	25946	300.44082062072596	1959147	0.59	1901	111	56610	None
ERR2641677_bin.35	60.42	3.99	Neural Network (Specific Model)	11	0.941	3352	274.57113259668506	1265719	0.38	1448	411	11182	None
ERR2641677_bin.38	96.09	16.64	Neural Network (Specific Model)	11	0.873	27045	315.8038141166155	4943184	0.43	4562	334	93289	None
ERR2641677_bin.4	89.43	20.94	Neural Network (Specific Model)	11	0.912	11243	354.0423468563116	7195697	0.42	6187	1007	54530	None
ERR2641677_bin.40	92.05	1.85	Neural Network (Specific Model)	11	0.879	41087	342.90626733222405	2107921	0.6	1803	86	178282	None
ERR2641677_bin.42	85.1	0.02	Neural Network (Specific Model)	11	0.884	38622	326.71570247933886	2678592	0.49	2420	132	181600	None
ERR2641677_bin.44	100.0	0.16	Neural Network (Specific Model)	11	0.887	88595	349.435350457118	2709916	0.56	2297	47	197313	None
ERR2641677_bin.58	99.07	42.52	Gradient Boost (General Model)	11	0.854	7493	259.7218160176841	10705014	0.37	11762	1997	89936	None
ERR2641677_bin.59	90.59	15.06	Neural Network (Specific Model)	11	0.906	17761	353.9326306141155	7658916	0.42	6546	672	96779	None
ERR2641677_bin.61	94.07	69.0	Neural Network (Specific Model)	11	0.888	14289	322.48504371836174	4725528	0.45	4346	486	69646	None
ERR2641677_bin.62	13.85	0.0	Neural Network (Specific Model)	11	0.915	16186	316.4608150470219	330011	0.44	319	28	37858	None
ERR2641677_bin.63	12.09	0.01	Neural Network (Specific Model)	11	0.882	45263	317.2105263157895	327468	0.54	304	14	73426	None
ERR2641677_bin.66	75.85	2.35	Neural Network (Specific Model)	11	0.906	7530	321.00685812258894	2475217	0.42	2333	427	31782	None
ERR2641677_bin.68	77.42	1.83	Neural Network (Specific Model)	11	0.881	6302	298.7054225696141	2079394	0.61	2047	410	33045	None
ERR2641677_bin.7	78.13	0.0	Neural Network (Specific Model)	11	0.894	162736	318.6182864450128	1668767	0.46	1564	15	309190	None
ERR2641677_bin.70	7.49	0.03	Neural Network (Specific Model)	11	0.94	2584	281.77777777777777	201889	0.46	225	76	8454	None
ERR2641677_bin.72	54.04	3.5	Neural Network (Specific Model)	11	0.881	3475	260.5094604064471	1263300	0.62	1427	398	16458	None
ERR2641733_bin.10	88.36	11.24	Neural Network (Specific Model)	11	0.869	12976	303.25284316318437	3952795	0.42	3781	462	66381	None
ERR2641733_bin.11	86.11	2.26	Gradient Boost (General Model)	11	0.911	16464	312.4523522316043	1704033	0.61	1658	156	83487	None
ERR2641733_bin.13	97.03	2.06	Gradient Boost (General Model)	11	0.887	16591	318.4506616257089	2844509	0.49	2645	250	124603	None
ERR2641733_bin.15	44.41	0.43	Gradient Boost (General Model)	11	0.891	21537	382.0626398210291	1147915	0.45	894	85	53142	None
ERR2641733_bin.16	13.45	0.01	Neural Network (Specific Model)	11	0.812	63656	301.2876254180602	332175	0.47	299	14	70018	None
ERR2641733_bin.17	94.54	0.47	Neural Network (Specific Model)	11	0.901	22909	363.07057182705717	4324993	0.42	3585	305	83729	None
ERR2641733_bin.18	89.84	5.22	Gradient Boost (General Model)	11	0.871	29848	301.73279569892475	1929683	0.59	1860	104	110586	None
ERR2641733_bin.19	8.15	0.0	Neural Network (Specific Model)	11	0.895	2333	248.48872180451127	221247	0.61	266	95	5772	None
ERR2641733_bin.22	88.15	47.58	Neural Network (Specific Model)	11	0.923	6414	340.8884079789236	5882697	0.6	5314	1168	72291	None
ERR2641733_bin.24	64.78	0.43	Neural Network (Specific Model)	11	0.878	4393	293.37742382271466	1445816	0.6	1444	376	22576	None
ERR2641733_bin.26	78.24	1.76	Neural Network (Specific Model)	11	0.905	6640	330.3749267721148	1866595	0.56	1707	337	37334	None
ERR2641733_bin.34	73.67	7.42	Gradient Boost (General Model)	11	0.881	5373	273.2486848397896	1942584	0.58	2091	435	30199	None
ERR2641733_bin.43	85.62	0.03	Gradient Boost (General Model)	11	0.864	6750	292.19291819291817	1658980	0.45	1638	310	45473	None
ERR2641733_bin.45	41.48	2.07	Gradient Boost (General Model)	11	0.898	2551	244.4809917355372	985783	0.61	1210	381	14787	None
ERR2641733_bin.46	68.03	4.99	Gradient Boost (General Model)	11	0.91	4228	260.8646974749881	1801971	0.57	2099	490	20631	None
ERR2641733_bin.49	66.89	1.66	Neural Network (Specific Model)	11	0.9	4248	290.92861035422345	1776974	0.57	1835	496	13484	None
ERR2641733_bin.54	93.83	10.86	Neural Network (Specific Model)	11	0.879	30884	317.4040738986262	2285195	0.59	2111	105	108083	None
ERR2641733_bin.57	33.45	0.74	Neural Network (Specific Model)	11	0.901	2722	254.70081967213116	826370	0.55	976	306	7682	None
ERR2641733_bin.59	51.2	6.44	Gradient Boost (General Model)	11	0.92	2926	253.59718826405867	1350730	0.61	1636	479	8097	None
ERR2641733_bin.63	84.35	1.36	Neural Network (Specific Model)	11	0.894	50638	352.5639534883721	3455550	0.4	2924	136	156562	None
ERR2641733_bin.66	93.1	5.76	Neural Network (Specific Model)	11	0.911	73234	370.5620740740741	4114532	0.47	3375	88	261121	None
ERR2641733_bin.67	5.65	0.02	Neural Network (Specific Model)	11	0.849	197276	260.03041825095056	241552	0.47	263	3	197276	None
ERR2641733_bin.68	81.58	38.67	Neural Network (Specific Model)	11	0.88	5345	276.27655502392344	3933135	0.6	4180	904	24750	None
ERR2641733_bin.69	91.47	1.81	Gradient Boost (General Model)	11	0.877	7393	309.5486692015209	2779282	0.58	2630	482	37016	None
ERR2641733_bin.75	91.83	110.59	Neural Network (Specific Model)	11	0.901	6730	299.11228033252655	18896132	0.44	19006	3856	85541	None
ERR2641733_bin.76	98.84	93.57	Neural Network (Specific Model)	11	0.924	4038	338.1985033740897	16412821	0.43	14967	4576	59092	None
ERR2641733_bin.78	95.08	0.28	Gradient Boost (General Model)	11	0.9	19833	321.3645833333333	2155900	0.55	2016	157	91019	None
ERR2641733_bin.8	38.31	0.17	Neural Network (Specific Model)	11	0.883	74321	304.98177399756986	851517	0.39	823	20	135002	None
ERR2641733_bin.82	7.53	0.0	Neural Network (Specific Model)	11	0.925	130906	386.30898876404495	222673	0.47	178	3	130906	None
SRR059458_bin.12	22.05	0.01	Neural Network (Specific Model)	11	0.923	75811	358.36538461538464	302573	0.39	260	9	83007	None
SRR059458_bin.15	13.88	0.04	Neural Network (Specific Model)	11	0.884	2668	275.46153846153845	351952	0.47	377	129	7949	None
SRR059458_bin.16	84.35	2.7	Neural Network (Specific Model)	11	0.913	4533	303.1989036805012	1270439	0.27	1277	322	23488	None
SRR059458_bin.17	24.76	0.38	Neural Network (Specific Model)	11	0.95	1967	247.71212121212122	308700	0.31	396	151	4874	None
SRR059458_bin.23	84.0	0.06	Neural Network (Specific Model)	11	0.882	47533	352.2352941176471	1750512	0.35	1462	64	107961	None
SRR059458_bin.27	90.24	0.0	Neural Network (Specific Model)	11	0.902	67063	328.40905923344945	1563741	0.47	1435	39	123692	None
SRR059458_bin.3	61.5	0.08	Neural Network (Specific Model)	11	0.863	93733	345.4616447823082	1735479	0.42	1447	46	247722	None
SRR059458_bin.31	83.15	3.15	Neural Network (Specific Model)	11	0.913	4296	279.00846805234795	1188688	0.33	1299	320	18046	None
SRR059458_bin.32	46.01	0.34	Neural Network (Specific Model)	11	0.877	213112	389.49607843137255	679152	0.44	510	8	302362	None
SRR059458_bin.34	31.67	0.13	Neural Network (Specific Model)	11	0.956	2826	299.91481913652274	805283	0.46	857	294	9027	None
SRR059458_bin.4	85.95	1.12	Neural Network (Specific Model)	11	0.885	8231	321.76567481402765	2051164	0.39	1882	345	31987	None
SRR059459_bin.1	45.23	0.08	Neural Network (Specific Model)	11	0.877	192966	390.6265060240964	664705	0.44	498	10	243680	None
SRR059459_bin.14	64.88	0.44	Gradient Boost (General Model)	11	0.908	99426	356.81094527363183	1183484	0.42	1005	32	145438	None
SRR059459_bin.16	32.11	0.02	Neural Network (Specific Model)	11	0.957	2701	298.52649006622516	846132	0.45	906	316	9877	None
SRR059459_bin.23	72.05	0.38	Neural Network (Specific Model)	11	0.899	4372	300.2810262529833	1676157	0.48	1676	450	17913	None
SRR059459_bin.29	23.71	0.0	Neural Network (Specific Model)	11	0.878	239887	382.9703947368421	397774	0.4	304	2	239887	None
SRR059459_bin.31	15.59	0.01	Neural Network (Specific Model)	11	0.929	3838	295.2735294117647	323611	0.53	340	87	10611	None
SRR059459_bin.4	72.99	0.02	Neural Network (Specific Model)	11	0.871	116618	374.2393822393822	1333711	0.46	1036	18	282628	None
SRR059459_bin.8	47.06	0.0	Neural Network (Specific Model)	11	0.92	10896	307.6519916142558	477460	0.32	477	67	46220	None
SRR513791_bin.1	48.65	0.44	Neural Network (Specific Model)	11	0.897	26152	299.2737556561086	882846	0.36	884	55	85239	None
SRR513791_bin.3	82.19	0.03	Neural Network (Specific Model)	11	0.909	87820	319.38030424339473	1314646	0.34	1249	28	154151	None
SRR8692206_bin.11	10.28	0.0	Neural Network (Specific Model)	11	0.834	11039	243.42631578947368	498085	0.28	570	75	39906	None
SRR8692206_bin.15	25.13	0.0	Neural Network (Specific Model)	11	0.896	272822	325.9932716568545	1296261	0.51	1189	10	406964	None
SRR8692206_bin.16	96.05	1.37	Neural Network (Specific Model)	11	0.909	80411	342.6948704389212	2131960	0.59	1891	52	198815	None
SRR8692206_bin.17	89.22	5.45	Neural Network (Specific Model)	11	0.839	7749	260.8842066691096	2540684	0.32	2729	474	30425	None
SRR8692206_bin.23	45.32	0.21	Neural Network (Specific Model)	11	0.917	154673	363.8450617283951	1925884	0.46	1620	16	279423	None
SRR8692206_bin.26	43.43	0.72	Neural Network (Specific Model)	11	0.886	189940	318.06457739791074	1132359	0.38	1053	11	229500	None
SRR8692206_bin.28	12.31	0.01	Neural Network (Specific Model)	11	0.907	85872	361.87441860465117	514081	0.47	430	8	116379	None
SRR8692206_bin.29	24.88	0.01	Neural Network (Specific Model)	11	0.884	126486	288.97222222222223	387620	0.4	396	7	127241	None
SRR8692206_bin.34	41.04	0.46	Neural Network (Specific Model)	11	0.903	2948	242.3213995117982	1974416	0.56	2458	699	9178	None
SRR8692206_bin.5	81.23	0.65	Neural Network (Specific Model)	11	0.907	85987	353.586943793911	3986997	0.46	3416	72	192798	None
SRR8692206_bin.9	15.02	0.16	Neural Network (Specific Model)	11	0.883	269137	311.7406340057637	366867	0.41	347	2	269137	None
SRR8692207_bin.1	6.33	0.0	Neural Network (Specific Model)	11	0.903	76973	310.2111801242236	331023	0.57	322	10	121955	None
SRR8692207_bin.10	68.78	0.19	Neural Network (Specific Model)	11	0.895	85372	320.1783203847577	2895866	0.56	2703	60	235514	None
SRR8692207_bin.12	27.41	0.01	Neural Network (Specific Model)	11	0.878	80349	296.5	1268123	0.55	1254	33	153018	None
SRR8692207_bin.13	21.72	0.01	Neural Network (Specific Model)	11	0.896	549851	351.502427184466	968478	0.43	824	5	549851	None
SRR8692207_bin.14	97.37	1.21	Neural Network (Specific Model)	11	0.858	32558	299.9147410358566	2628422	0.47	2510	127	92281	None
SRR8692207_bin.18	75.52	0.71	Neural Network (Specific Model)	11	0.916	5903	275.4564204923486	1353677	0.46	1503	288	22629	None
SRR8692207_bin.19	34.81	0.14	Neural Network (Specific Model)	11	0.86	110014	302.1440501043841	1007084	0.45	958	13	233368	None
SRR8692207_bin.21	99.99	0.09	Neural Network (Specific Model)	11	0.905	166833	337.6649373108517	2582442	0.63	2313	27	470957	None
SRR8692207_bin.28	99.99	0.17	Neural Network (Specific Model)	11	0.9	206962	367.80911415949777	5267991	0.41	4301	61	340207	None
SRR8692207_bin.31	30.14	0.03	Neural Network (Specific Model)	11	0.882	251948	385.1512605042017	933762	0.57	714	7	380665	None
SRR8692207_bin.34	10.63	0.0	Neural Network (Specific Model)	11	0.903	421107	373.1613588110403	583051	0.45	471	3	421107	None
SRR8692207_bin.5	99.97	1.79	Neural Network (Specific Model)	11	0.907	215432	370.8036605657238	4416135	0.43	3606	34	445593	None
SRR8692207_bin.7	100.0	1.1	Neural Network (Specific Model)	11	0.875	43570	336.28121720881427	3292096	0.64	2859	109	155269	None
SRR8692213_bin.11	4.23	0.01	Neural Network (Specific Model)	11	0.881	157683	312.88837209302324	228895	0.48	215	4	157683	None
SRR8692213_bin.13	70.16	0.55	Neural Network (Specific Model)	11	0.895	145144	322.47394043528067	3768288	0.49	3492	41	504900	None
SRR8692213_bin.15	25.63	0.0	Neural Network (Specific Model)	11	0.873	544421	322.28978224455614	659859	0.6	597	4	544421	None
SRR8692213_bin.18	39.62	0.1	Neural Network (Specific Model)	11	0.865	79732	338.26826196473553	930687	0.6	794	15	252936	None
SRR8692213_bin.19	53.58	0.27	Neural Network (Specific Model)	11	0.908	109686	352.1229860365199	2162767	0.46	1862	24	336589	None
SRR8692213_bin.20	72.56	0.06	Neural Network (Specific Model)	11	0.891	221911	323.3871517907902	3824449	0.56	3518	24	466156	None
SRR8692213_bin.21	41.29	1.52	Neural Network (Specific Model)	11	0.893	263584	341.33882352941174	1946971	0.5	1700	14	478106	None
SRR8692213_bin.22	8.81	0.0	Neural Network (Specific Model)	11	0.881	77388	341.1490909090909	318947	0.59	275	6	130568	None
SRR8692213_bin.23	50.95	0.13	Neural Network (Specific Model)	11	0.893	78833	354.202524986849	2259015	0.42	1901	42	293100	None
SRR8692213_bin.25	91.93	10.13	Neural Network (Specific Model)	11	0.88	7392	273.3914505283381	1937580	0.39	2082	362	42645	None
SRR8692213_bin.3	19.79	0.0	Neural Network (Specific Model)	11	0.879	275523	333.0145278450363	468589	0.6	413	4	275523	None
SRR8692213_bin.4	12.28	0.0	Neural Network (Specific Model)	11	0.873	3223	227.6476510067114	232463	0.4	298	79	20136	None
SRR8692213_bin.7	43.76	0.2	Neural Network (Specific Model)	11	0.917	182545	399.541047188106	2020066	0.47	1547	17	490297	None
